Workbook

Sheet Defect Form
A1: Defect Title | B1: Category | C1: Severity | D1: Component / Interface | E1: Description | F1: Assigned Owner | G1: Status | H1: Detected After Release? | I1: Date Detected | J1: Reopened?
A2: Delivery status not synchronized after network retry | B2: Integration | C2: High | D2: Driver ↔ Tracking API | E2: A temporary network interruption leaves the central delivery status stale. | F2: Integration Developer | G2: In Progress | H2: No | I2: 46319 | J2: No
A3: Customer notification displays stale status | B3: Notification | C3: Medium | D3: Tracking → Notifications | E3: Notification event may be emitted before the latest status is committed. | F3: Backend Developer | G3: Open | H3: Yes | I3: 46317 | J3: No
A4: Invalid driver reference accepted by assignment API | B4: Data accuracy | C4: Critical | D4: Order → Driver Assignment | E4: Assignment validation did not reject an unknown driver identifier. | F4: API Developer | G4: Open | H4: No | I4: 46316 | J4: No
A5: Route not updated when a delivery is reassigned | B5: Functional | C5: High | D5: Order → Route Planning | E5: After a delivery is moved to another driver, the old route still shows the delivery. | F5: Backend Developer | G5: In Progress | H5: No | I5: 46318 | J5: No
A6: Delivery time shown in wrong time zone | B6: Data accuracy | C6: Low | D6: Tracking → Customer App | E6: Estimated delivery time is displayed in server time instead of the customer's local time. | F6: Frontend Developer | G6: Open | H6: No | I6: 46318 | J6: No
A7: Driver app slow to load assigned orders | B7: Performance | C7: Medium | D7: Driver App ↔ Order API | E7: Order list takes more than 8 seconds to load when a driver has over 30 assigned deliveries. | F7: API Developer | G7: Fixed - Verification Pending | H7: No | I7: 46319 | J7: No
A8: Duplicate notification sent on repeated status event | B8: Notification | C8: Medium | D8: Tracking → Notifications | E8: Customer receives two messages when the same delivery status event arrives twice. | F8: Backend Developer | G8: Closed | H8: No | I8: 46317 | J8: No
A9: Session stays active after driver logout | B9: Security | C9: High | D9: Driver App ↔ Auth Service | E9: Driver token is not cleared on logout, so the session can still call the tracking API. | F9: Integration Developer | G9: Open | H9: Yes | I9: 46320 | J9: No
A10: Order total changes after item quantity update | B10: Data accuracy | C10: High | D10: Order Service → Pricing API | E10: Changing an item quantity updates the order total inconsistently when the pricing response is delayed. | F10: Backend Developer | G10: In Progress | H10: No | I10: 46319 | J10: No
A11: Route optimization ignores restricted delivery zone | B11: Functional | C11: Medium | D11: Route Planning → Map Service | E11: The generated route can include a restricted road even though the restriction is present in the route configuration. | F11: Route Developer | G11: Open | H11: No | I11: 46319 | J11: No
A12: Tracking map shows driver at previous location | B12: Reliability | C12: Medium | D12: Driver App → Tracking Service | E12: The customer tracking view continues showing the previous driver location after a successful location update. | F12: Tracking Developer | G12: Fixed - Verification Pending | H12: No | I12: 46320 | J12: No
A13: Unauthorized user can access delivery details | B13: Security | C13: Critical | D13: Customer Portal → Authorization Service | E13: A direct delivery-detail request is accepted without verifying that the authenticated customer owns the delivery. | F13: Security Developer | G13: Open | H13: Yes | I13: 46320 | J13: No
... A19: Fixed route assignment defect reappears after deployment | B19: Maintainability | C19: High | D19: Route Planning → Assignment Service | E19: A previously corrected route-assignment issue reappeared after a new deployment because the regression scenario was not included in the release suite. | F19: QA Engineer | G19: In Progress | H19: No | I19: 46321 | J19: Yes

Sheet Quality Plans
A1: Quality Plans
A2: Plan | B2: Objective | C2: Quality Factor | D2: Acceptance Criteria | E2: Owner | F2: Status
A3: Delivery status synchronization (DEF-001) | B3: Ensure delivery status remains synchronized after retry. | C3: Reliability | D3: Retry and recovery tests pass with no stale status. | E3: Quality Manager | F3: In Review
A4: Customer notification accuracy (DEF-002, DEF-007, DEF-014) | B4: Ensure notifications use the latest status and tolerate repeated/time-out events. | C4: Reliability | D4: Correct status sent once; delivery completion is not blocked by notification failure. | E4: QA Lead | F4: In Review
A5: Driver assignment validation (DEF-003) | B5: Reject unknown driver references before assignment. | C5: Data accuracy | D5: Invalid driver references are rejected in all validation tests. | E5: API Lead | F5: Approved
A6: Route reassignment integrity (DEF-004, DEF-018) | B6: Keep route assignments consistent after reassignment and deployment. | C6: Maintainability | D6: Reassignment remains correct in regression testing. | E6: Route Lead | F6: In Review
A7: Customer time display (DEF-005) | B7: Display delivery times using the customer local time zone. | C7: Data accuracy | D7: Displayed time matches configured customer time zone. | E7: Frontend Lead | F7: In Review
A8: Driver application performance (DEF-006) | B8: Keep assigned-order loading within an acceptable response time. | C8: Efficiency | D8: Assigned-order screen meets agreed response-time target. | E8: Performance Lead | F8: In Review
A9: Driver session security (DEF-008) | B9: Terminate driver access after logout. | C9: Security | D9: Logged-out tokens cannot access protected tracking functions. | E9: Security Lead | F9: In Review
A10: Order pricing consistency (DEF-009) | B10: Keep order totals correct when quantity changes and pricing responses are delayed. | C10: Data accuracy | D10: Order total remains consistent after quantity updates. | E10: Backend Lead | F10: In Review
A11: Restricted route compliance (DEF-010) | B11: Prevent route generation through configured restricted zones. | C11: Reliability | D11: Acceptance routes exclude restricted roads. | E11: Route Lead | F11: In Review
A12: Tracking location freshness (DEF-011) | B12: Show the latest driver location after successful updates. | C12: Reliability | D12: Customer tracking displays the latest location without stale cache. | E12: Tracking Lead | F12: In Review
A13: Delivery authorization (DEF-012) | B13: Prevent customers from accessing another customer’s delivery details. | C13: Security | D13: Unauthorized delivery requests are rejected. | E13: Security Lead | F13: In Review
... A18: Release regression control (DEF-018) | B18: Prevent fixed route defects from returning in releases. | C18: Maintainability | D18: Historical high/critical route scenarios are included in regression gates. | E18: QA Manager | F18: In Review

Sheet Reviews
A1: Reviews & Verification
A2: Review Type | B2: Artifact | C2: Reviewer | D2: Date | E2: Findings | F2: Status
A3: Requirements Review | B3: Delivery status retry requirement – DEF-001 | C3: A. Kumar | D3: 46316 | E3: Retry behavior needs explicit recovery rule. | F3: Completed
A4: Design Review | B4: Notification event flow – DEF-002/007/014 | C4: S. Rao | D4: 46317 | E4: Separate notification failure from delivery completion. | F4: In Progress
A5: Code Review | B5: Driver assignment validation – DEF-003 | C5: M. Arya | D5: 46318 | E5: Unknown driver reference must be rejected before persistence. | F5: Completed
A6: Design Review | B6: Route reassignment flow – DEF-004/018 | C6: S. Rao | D6: 46319 | E6: Add regression scenario for reassignment after deployment. | F6: In Progress
A7: Requirements Review | B7: Customer time-zone display – DEF-005 | C7: A. Kumar | D7: 46319 | E7: Confirm source and conversion rule for customer time zone. | F7: Completed
A8: Performance Review | B8: Driver order loading – DEF-006 | C8: P. Nair | D8: 46319 | E8: Review response time with more than 30 assigned deliveries. | F8: In Progress
A9: Security Review | B9: Driver logout/session invalidation – DEF-008 | C9: R. Singh | D9: 46320 | E9: Confirm token invalidation after logout. | F9: In Progress
A10: Code Review | B10: Pricing response handling – DEF-009 | C10: M. Arya | D10: 46320 | E10: Review delayed pricing response and total calculation. | F10: Pending
A11: Design Review | B11: Restricted-zone routing – DEF-010 | C11: S. Rao | D11: 46320 | E11: Restriction filter must be applied before route selection. | F11: Completed
A12: Code Review | B12: Tracking cache update – DEF-011 | C12: M. Arya | D12: 46320 | E12: Verify stale location cache invalidation. | F12: Completed
A13: Security Review | B13: Delivery ownership authorization – DEF-012 | C13: R. Singh | D13: 46320 | E13: Verify authenticated customer owns requested delivery. | F13: In Progress
A14: Requirements Review | B14: CSV date validation – DEF-013 | C14: A. Kumar | D14: 46320 | E14: Define accepted delivery-date format and rejection behavior. | F14: Completed
... A18: Release Verification | B18: Route regression – DEF-018 | C18: S. Rao | D18: 46321 | E18: Historical defect must be included in release suite. | F18: In Progress

Sheet Tests
A1: Test Management
A2: Test Case | B2: Component | C2: Type | D2: Expected Result | E2: Actual Result | F2: Result | G2: Date
A3: TC-001 DEF-001 Retry synchronization | B3: Driver ↔ Tracking API | C3: Integration | D3: Central status matches latest driver status after retry. | E3: Central status remains stale after retry. | F3: Failed | G3: 46319
A4: TC-002 DEF-002 Notification status | B4: Tracking → Notifications | C4: Integration | D4: Notification contains latest committed status. | E4: Notification can contain stale status. | F4: Failed | G4: 46319
A5: TC-003 DEF-003 Invalid driver reference | B5: Order → Driver Assignment | C5: System | D5: Unknown driver ID is rejected. | E5: Unknown driver ID was accepted. | F5: Failed | G5: 46319
A6: TC-004 DEF-004 Route reassignment | B6: Order → Route Planning | C6: System | D6: Old route removes reassigned delivery. | E6: Old route still shows delivery. | F6: Failed | G6: 46319
A7: TC-005 DEF-005 Customer time zone | B7: Tracking → Customer App | C7: System | D7: Delivery time uses customer local time. | E7: Server time displayed. | F7: Failed | G7: 46319
A8: TC-006 DEF-006 Assigned-order load | B8: Driver App ↔ Order API | C8: Performance | D8: Order list loads within agreed target. | E8: Load time exceeds target with 30+ orders. | F8: Failed | G8: 46319
A9: TC-007 DEF-007 Duplicate notification | B9: Tracking → Notifications | C9: Integration | D9: Repeated status event produces one notification. | E9: Duplicate notification produced. | F9: Failed | G9: 46319
A10: TC-008 DEF-008 Logout session | B10: Driver App ↔ Auth Service | C10: Security | D10: Logged-out token cannot call tracking API. | E10: Session can still call tracking API. | F10: Failed | G10: 46320
A11: TC-009 DEF-009 Quantity update total | B11: Order Service → Pricing API | C11: Integration | D11: Total remains correct after delayed pricing response. | E11: Total becomes inconsistent. | F11: Failed | G11: 46320
A12: TC-010 DEF-010 Restricted zone | B12: Route Planning → Map Service | C12: System | D12: Generated route excludes restricted road. | E12: Restricted road included. | F12: Failed | G12: 46320
A13: TC-011 DEF-011 Location refresh | B13: Driver App → Tracking Service | C13: Integration | D13: Latest location appears in customer view. | E13: Previous location remains visible. | F13: Failed | G13: 46320
A14: TC-012 DEF-012 Delivery authorization | B14: Customer Portal → Authorization Service | C14: Security | D14: Other customer’s delivery is rejected. | E14: Unauthorized delivery request accepted. | F14: Failed | G14: 46320
... A20: TC-018 DEF-018 Route regression | B20: Route Planning → Assignment Service | C20: Regression | D20: Fixed reassignment defect remains corrected after deployment. | E20: Defect reappears after deployment. | F20: Failed | G20: 46321

Sheet Documents
A1: Document & Configuration Control
A2: Artifact | B2: Type | C2: Version | D2: Owner | E2: Approval | F2: Change History
A3: Delivery Status Requirements – DEF-001 | B3: Requirements | C3: 1.1 | D3: Business Analyst | E3: In Review | F3: Added retry/recovery rule.
A4: Notification Event Rules – DEF-002/007/014 | B4: Requirements | C4: 1.1 | D4: Business Analyst | E4: In Review | F4: Clarified status timing, duplicate handling and timeout behavior.
A5: Driver Assignment API Contract – DEF-003 | B5: Interface Specification | C5: 1.1 | D5: API Lead | E5: Approved | F5: Added driver-reference validation rule.
A6: Route Reassignment Specification – DEF-004/018 | B6: Design | C6: 1.1 | D6: Route Lead | E6: In Review | F6: Added reassignment and regression requirements.
A7: Customer Time Display Requirement – DEF-005 | B7: Requirements | C7: 1.0 | D7: Business Analyst | E7: In Review | F7: Defined customer time-zone display rule.
A8: Driver Performance Test Plan – DEF-006 | B8: Test Plan | C8: 1.0 | D8: Performance Lead | E8: In Review | F8: Added 30+ assigned-order scenario.
A9: Authentication Session Control – DEF-008 | B9: Design | C9: 1.0 | D9: Security Lead | E9: In Review | F9: Added logout token invalidation rule.
A10: Pricing Update Interface Contract – DEF-009 | B10: Interface Specification | C10: 1.0 | D10: Backend Lead | E10: In Review | F10: Defined delayed-response handling.
A11: Route Restriction Configuration – DEF-010 | B11: Configuration | C11: 1.0 | D11: Route Lead | E11: Approved | F11: Documented restricted-zone rule.
A12: Tracking Location Refresh Specification – DEF-011 | B12: Design | C12: 1.0 | D12: Tracking Lead | E12: In Review | F12: Defined cache invalidation behavior.
A13: Delivery Authorization Test Plan – DEF-012 | B13: Test Plan | C13: 1.0 | D13: Security Lead | E13: In Review | F13: Added delivery ownership checks.
... A18: Release Regression Checklist – DEF-018 | B18: Checklist | C18: 1.0 | D18: QA Manager | E18: In Review | F18: Added historical route defect to release regression gate.

Sheet CAPA
A1: Corrective & Preventive Actions
A2: Problem | B2: Root Cause | C2: Corrective Action | D2: Preventive Action | E2: Owner | F2: Due Date | G2: Verification | H2: Status
A3: DEF-001 Delivery status stale | B3: Retry/recovery behavior insufficiently specified. | C3: Implement retry and status reconciliation. | D3: Add network interruption regression test. | E3: Integration Lead | F3: 46325 | G3: Regression test pending | H3: In Progress
A4: DEF-002 Notification stale | B4: Notification emitted before latest status commit. | C4: Send notification from committed status. | D4: Add notification sequencing test. | E4: Backend Lead | F4: 46326 | G4: Verification pending | H4: In Progress
A5: DEF-003 Invalid driver reference | B5: Assignment validation missed unknown IDs. | C5: Reject unknown driver IDs. | D5: Add negative API validation cases. | E5: API Lead | F5: 46324 | G5: Retest pending | H5: Open
A6: DEF-004 Route not updated | B6: Reassignment did not update old route state. | C6: Synchronize route records during reassignment. | D6: Add reassignment regression case. | E6: Route Lead | F6: 46327 | G6: Regression pending | H6: In Progress
A7: DEF-006 Slow driver app | B7: Large assigned-order response is inefficient. | C7: Optimize order retrieval and response handling. | D7: Add performance threshold to release tests. | E7: API Lead | F7: 46328 | G7: Performance retest pending | H7: In Progress
A8: DEF-008 Logout session active | B8: Token remained usable after logout. | C8: Invalidate token on logout. | D8: Add session invalidation security test. | E8: Security Lead | F8: 46328 | G8: Security retest pending | H8: Open
A9: DEF-009 Inconsistent order total | B9: Delayed pricing response handled inconsistently. | C9: Reconcile total after pricing response. | D9: Add delayed-response test. | E9: Backend Lead | F9: 46329 | G9: Regression pending | H9: In Progress
A10: DEF-010 Restricted road selected | B10: Route restriction not applied during optimization. | C10: Filter restricted roads before route generation. | D10: Add restricted-zone acceptance case. | E10: Route Lead | F10: 46329 | G10: Route test pending | H10: Open
A11: DEF-012 Unauthorized delivery access | B11: Ownership validation missing. | C11: Validate customer ownership before returning details. | D11: Add authorization matrix tests. | E11: Security Lead | F11: 46330 | G11: Security retest pending | H11: Open
A12: DEF-013 Invalid date accepted | B12: Import validation allowed malformed dates. | C12: Reject invalid dates before order creation. | D12: Add negative import validation cases. | E12: Data Lead | F12: 46330 | G12: Test evidence pending | H12: In Progress
A13: DEF-014 Delivery blocked by notification timeout | B13: Notification failure coupled to delivery completion. | C13: Complete delivery independently and retry notification. | D13: Add notification outage test. | E13: Backend Lead | F13: 46331 | G13: Resilience test pending | H13: Open
A14: DEF-016 Availability stale | B14: Shift-end update depended on manual refresh. | C14: Trigger server-side availability update. | D14: Add shift transition integration test. | E14: Integration Lead | F14: 46331 | G14: Verification pending | H14: Open
A15: DEF-018 Regression defect | B15: Historical route scenario absent from release suite. | C15: Restore regression test and release gate. | D15: Require historical high/critical defect regression. | E15: QA Manager | F15: 46332 | G15: Release regression pending | H15: In Progress

Sheet Summary
A1: LogiQual – SQA Summary
A3: Metric | B3: Value | D3: Defect Category | E3: Count
A4: Total Defects | B4: =COUNTA('Defect Form'!#REF!) -> 1 | D4: Functional | E4: =COUNTIF('Defect Form'!B2:B57,D4) -> 3
A5: Open Defects | B5: =COUNTIF('Defect Form'!G2:G57,"Open") -> 8 | D5: Integration | E5: =COUNTIF('Defect Form'!B2:B57,D5) -> 2
A6: In Progress Defects | B6: =COUNTIF('Defect Form'!G2:G57,"In Progress") -> 5 | D6: Data accuracy | E6: =COUNTIF('Defect Form'!B2:B57,D6) -> 4
A7: Closed Defects | B7: =COUNTIF('Defect Form'!G2:G57,"Closed") -> 3 | D7: Notification | E7: =COUNTIF('Defect Form'!B2:B57,D7) -> 2
A8: Fixed - Verification Pending | B8: =COUNTIF('Defect Form'!G2:G57,"Fixed - Verification Pending") -> 2 | D8: Performance | E8: =COUNTIF('Defect Form'!B2:B57,D8) -> 1
A9: Critical Defects | B9: =COUNTIF('Defect Form'!C2:C57,"Critical") -> 2 | D9: Security | E9: =COUNTIF('Defect Form'!B2:B57,D9) -> 2
A10: High Severity Defects | B10: =COUNTIF('Defect Form'!C2:C57,"High") -> 7 | D10: Reliability | E10: =COUNTIF('Defect Form'!B2:B57,D10) -> 2
A11: Medium Severity Defects | B11: =COUNTIF('Defect Form'!C2:C57,"Medium") -> 6 | D11: Usability | E11: =COUNTIF('Defect Form'!B2:B57,D11) -> 1
A12: Low Severity Defects | B12: =COUNTIF('Defect Form'!C2:C57,"Low") -> 3 | D12: Maintainability | E12: =COUNTIF('Defect Form'!B2:B57,D12) -> 1
A13: Post-Release Defects | B13: =COUNTIF('Defect Form'!H2:H57,"Yes") -> 4
A14: Reopened Defects | B14: =COUNTIF('Defect Form'!J2:J57,"Yes") -> 2
A15: Quality Plans | B15: =COUNTA('Quality Plans'!A3:A58) -> 16
A16: Reviews | B16: =COUNTA(Reviews!A3:A58) -> 16
A17: Tests | B17: =COUNTA(Tests!A3:A58) -> 18
A18: Documents | B18: =COUNTA(Documents!A3:A58) -> 16
A19: CAPA Records | B19: =COUNTA(CAPA!A3:A58) -> 13

Sheet Lists
A1: Defect Category | B1: Severity | C1: Defect Status | D1: Yes/No | E1: Quality Factor | F1: Plan Status | G1: Review Type | H1: Review Status | I1: Test Type | J1: Test Result | K1: Artifact Type | L1: Approval Status | M1: CAPA Status
A2: Functional | B2: Critical | C2: Open | D2: No | E2: Interoperability | F2: Draft | G2: Requirements Review | H2: Pending | I2: Unit | J2: Not Run | K2: Requirements | L2: Draft | M2: Open
A3: Data accuracy | B3: High | C3: In Progress | D3: Yes | E3: Reliability | F3: In Review | G3: Design Review | H3: In Progress | I3: Integration | J3: Passed | K3: Design | L3: In Review | M3: In Progress
A4: Integration | B4: Medium | C4: Fixed - Verification Pending | E4: Efficiency | F4: Approved | G4: Code Review | H4: Completed | I4: System | J4: Failed | K4: Interface Specification | L4: Approved | M4: Verification Pending
A5: Reliability | B5: Low | C5: Closed | E5: Maintainability | F5: Archived | G5: Test Review | H5: Approved | I5: Regression | J5: Blocked | K5: Test Plan | L5: Rejected | M5: Verified
A6: Performance | E6: Security | G6: Release Verification | H6: Rejected | I6: Performance | K6: Checklist | L6: Superseded | M6: Closed
A7: Notification | E7: Data accuracy | I7: Security | K7: Source Release
A8: Security | K8: Quality Report
A9: Usability | K9: Approval Record
A10: Maintainability
